AC097634.4	18252	missense
AC097634.4	0	inframe_indel
AC097634.4	0	frameshift
AC097634.4	8	0-50
AC097634.4	18244	50-500
AC097634.4	0	500-1000
AC097634.4	255	1-5
AC097634.4	8	5-10
AC097634.4	0	10-15
AC097634.4	0	15-21
AC127029.3	2337	missense
AC127029.3	0	inframe_indel
AC127029.3	0	frameshift
AC127029.3	0	0-50
AC127029.3	2337	50-500
AC127029.3	0	500-1000
AC127029.3	1	1-5
AC127029.3	23	5-10
AC127029.3	0	10-15
AC127029.3	0	15-21
ACVR1	116354	missense
ACVR1	0	inframe_indel
ACVR1	0	frameshift
ACVR1	2497	0-50
ACVR1	113857	50-500
ACVR1	0	500-1000
ACVR1	1184	1-5
ACVR1	175	5-10
ACVR1	0	10-15
ACVR1	5	15-21
AKT1	86255	missense
AKT1	7819	inframe_indel
AKT1	0	frameshift
AKT1	2492	0-50
AKT1	91582	50-500
AKT1	0	500-1000
AKT1	958	1-5
AKT1	231	5-10
AKT1	0	10-15
AKT1	10	15-21
AKT2	0	missense
AKT2	60720	inframe_indel
AKT2	0	frameshift
AKT2	1378	0-50
AKT2	59342	50-500
AKT2	0	500-1000
AKT2	681	1-5
AKT2	151	5-10
AKT2	0	10-15
AKT2	3	15-21
AKT3	8101	missense
AKT3	0	inframe_indel
AKT3	0	frameshift
AKT3	692	0-50
AKT3	7409	50-500
AKT3	0	500-1000
AKT3	124	1-5
AKT3	61	5-10
AKT3	0	10-15
AKT3	3	15-21
ALK	159873	missense
ALK	0	inframe_indel
ALK	0	frameshift
ALK	3250	0-50
ALK	156623	50-500
ALK	0	500-1000
ALK	1768	1-5
ALK	302	5-10
ALK	0	10-15
ALK	11	15-21
ANKRD11	416	missense
ANKRD11	1360	inframe_indel
ANKRD11	0	frameshift
ANKRD11	134	0-50
ANKRD11	1642	50-500
ANKRD11	0	500-1000
ANKRD11	39	1-5
ANKRD11	29	5-10
ANKRD11	0	10-15
ANKRD11	0	15-21
ARAF	55852	missense
ARAF	0	inframe_indel
ARAF	0	frameshift
ARAF	2909	0-50
ARAF	52943	50-500
ARAF	0	500-1000
ARAF	1358	1-5
ARAF	273	5-10
ARAF	0	10-15
ARAF	0	15-21
AR	159817	missense
AR	0	inframe_indel
AR	0	frameshift
AR	20663	0-50
AR	139152	50-500
AR	2	500-1000
AR	1641	1-5
AR	328	5-10
AR	0	10-15
AR	22	15-21
ARID1A	70196	missense
ARID1A	0	inframe_indel
ARID1A	0	frameshift
ARID1A	1170	0-50
ARID1A	69026	50-500
ARID1A	0	500-1000
ARID1A	794	1-5
ARID1A	130	5-10
ARID1A	0	10-15
ARID1A	10	15-21
ARID1B	81993	missense
ARID1B	0	inframe_indel
ARID1B	0	frameshift
ARID1B	909	0-50
ARID1B	81084	50-500
ARID1B	0	500-1000
ARID1B	820	1-5
ARID1B	112	5-10
ARID1B	0	10-15
ARID1B	11	15-21
ARID2	100161	missense
ARID2	0	inframe_indel
ARID2	0	frameshift
ARID2	5545	0-50
ARID2	94616	50-500
ARID2	0	500-1000
ARID2	1086	1-5
ARID2	232	5-10
ARID2	0	10-15
ARID2	11	15-21
ASXL2	44976	missense
ASXL2	0	inframe_indel
ASXL2	0	frameshift
ASXL2	603	0-50
ASXL2	44371	50-500
ASXL2	2	500-1000
ASXL2	734	1-5
ASXL2	96	5-10
ASXL2	0	10-15
ASXL2	0	15-21
ATM	402340	missense
ATM	0	inframe_indel
ATM	0	frameshift
ATM	14236	0-50
ATM	388104	50-500
ATM	0	500-1000
ATM	4158	1-5
ATM	675	5-10
ATM	0	10-15
ATM	34	15-21
AXL	7078	missense
AXL	0	inframe_indel
AXL	0	frameshift
AXL	16	0-50
AXL	7062	50-500
AXL	0	500-1000
AXL	45	1-5
AXL	6	5-10
AXL	0	10-15
AXL	0	15-21
B2M	100811	missense
B2M	0	inframe_indel
B2M	0	frameshift
B2M	1620	0-50
B2M	99191	50-500
B2M	0	500-1000
B2M	1083	1-5
B2M	140	5-10
B2M	0	10-15
B2M	0	15-21
BAP1	0	missense
BAP1	110129	inframe_indel
BAP1	0	frameshift
BAP1	1373	0-50
BAP1	108756	50-500
BAP1	0	500-1000
BAP1	1209	1-5
BAP1	154	5-10
BAP1	0	10-15
BAP1	5	15-21
BCL10	27119	missense
BCL10	0	inframe_indel
BCL10	0	frameshift
BCL10	1381	0-50
BCL10	25738	50-500
BCL10	0	500-1000
BCL10	307	1-5
BCL10	54	5-10
BCL10	0	10-15
BCL10	3	15-21
BCL2	116319	missense
BCL2	0	inframe_indel
BCL2	0	frameshift
BCL2	2506	0-50
BCL2	113813	50-500
BCL2	0	500-1000
BCL2	1129	1-5
BCL2	198	5-10
BCL2	0	10-15
BCL2	9	15-21
BCL2L11	42323	missense
BCL2L11	0	inframe_indel
BCL2L11	0	frameshift
BCL2L11	2437	0-50
BCL2L11	39886	50-500
BCL2L11	0	500-1000
BCL2L11	386	1-5
BCL2L11	112	5-10
BCL2L11	0	10-15
BCL2L11	10	15-21
BCL6	114538	missense
BCL6	0	inframe_indel
BCL6	0	frameshift
BCL6	11606	0-50
BCL6	102932	50-500
BCL6	0	500-1000
BCL6	1347	1-5
BCL6	294	5-10
BCL6	0	10-15
BCL6	6	15-21
BCOR	30616	missense
BCOR	0	inframe_indel
BCOR	0	frameshift
BCOR	1840	0-50
BCOR	28776	50-500
BCOR	0	500-1000
BCOR	367	1-5
BCOR	65	5-10
BCOR	0	10-15
BCOR	4	15-21
BORCS8-MEF2B	5136	missense
BORCS8-MEF2B	0	inframe_indel
BORCS8-MEF2B	0	frameshift
BORCS8-MEF2B	81	0-50
BORCS8-MEF2B	5055	50-500
BORCS8-MEF2B	0	500-1000
BORCS8-MEF2B	59	1-5
BORCS8-MEF2B	15	5-10
BORCS8-MEF2B	0	10-15
BORCS8-MEF2B	2	15-21
BRAF	348493	missense
BRAF	95701	inframe_indel
BRAF	0	frameshift
BRAF	11858	0-50
BRAF	432333	50-500
BRAF	3	500-1000
BRAF	6532	1-5
BRAF	1225	5-10
BRAF	0	10-15
BRAF	75	15-21
BRCA2	2863	missense
BRCA2	0	inframe_indel
BRCA2	0	frameshift
BRCA2	0	0-50
BRCA2	2863	50-500
BRCA2	0	500-1000
BRCA2	70	1-5
BRCA2	23	5-10
BRCA2	0	10-15
BRCA2	2	15-21
BRD4	7098	missense
BRD4	0	inframe_indel
BRD4	0	frameshift
BRD4	240	0-50
BRD4	6858	50-500
BRD4	0	500-1000
BRD4	184	1-5
BRD4	40	5-10
BRD4	0	10-15
BRD4	0	15-21
CARD11	194742	missense
CARD11	0	inframe_indel
CARD11	0	frameshift
CARD11	29027	0-50
CARD11	165715	50-500
CARD11	0	500-1000
CARD11	2190	1-5
CARD11	442	5-10
CARD11	0	10-15
CARD11	32	15-21
CASP8	55681	missense
CASP8	0	inframe_indel
CASP8	0	frameshift
CASP8	12782	0-50
CASP8	42899	50-500
CASP8	0	500-1000
CASP8	691	1-5
CASP8	174	5-10
CASP8	0	10-15
CASP8	14	15-21
CBFB	51909	missense
CBFB	0	inframe_indel
CBFB	0	frameshift
CBFB	2086	0-50
CBFB	49823	50-500
CBFB	0	500-1000
CBFB	644	1-5
CBFB	138	5-10
CBFB	0	10-15
CBFB	3	15-21
CBL	11354	missense
CBL	0	inframe_indel
CBL	0	frameshift
CBL	89	0-50
CBL	11265	50-500
CBL	0	500-1000
CBL	119	1-5
CBL	26	5-10
CBL	0	10-15
CBL	0	15-21
CCND1	48674	missense
CCND1	0	inframe_indel
CCND1	0	frameshift
CCND1	648	0-50
CCND1	48026	50-500
CCND1	0	500-1000
CCND1	650	1-5
CCND1	195	5-10
CCND1	0	10-15
CCND1	11	15-21
CCND3	2	missense
CCND3	0	inframe_indel
CCND3	0	frameshift
CCND3	0	0-50
CCND3	2	50-500
CCND3	0	500-1000
CCND3	0	1-5
CCND3	0	5-10
CCND3	0	10-15
CCND3	0	15-21
CDH1	61289	missense
CDH1	0	inframe_indel
CDH1	0	frameshift
CDH1	446	0-50
CDH1	60843	50-500
CDH1	0	500-1000
CDH1	666	1-5
CDH1	62	5-10
CDH1	0	10-15
CDH1	4	15-21
CDK12	2500	missense
CDK12	0	inframe_indel
CDK12	0	frameshift
CDK12	11	0-50
CDK12	2489	50-500
CDK12	0	500-1000
CDK12	52	1-5
CDK12	6	5-10
CDK12	0	10-15
CDK12	0	15-21
CDK4	34112	missense
CDK4	0	inframe_indel
CDK4	0	frameshift
CDK4	244	0-50
CDK4	33868	50-500
CDK4	0	500-1000
CDK4	548	1-5
CDK4	39	5-10
CDK4	0	10-15
CDK4	0	15-21
CDKN1B	869	missense
CDKN1B	0	inframe_indel
CDKN1B	0	frameshift
CDKN1B	4	0-50
CDKN1B	865	50-500
CDKN1B	0	500-1000
CDKN1B	25	1-5
CDKN1B	13	5-10
CDKN1B	0	10-15
CDKN1B	0	15-21
CEBPA	0	missense
CEBPA	1028	inframe_indel
CEBPA	0	frameshift
CEBPA	0	0-50
CEBPA	1028	50-500
CEBPA	0	500-1000
CEBPA	28	1-5
CEBPA	0	5-10
CEBPA	0	10-15
CEBPA	0	15-21
CHEK2	14988	missense
CHEK2	0	inframe_indel
CHEK2	0	frameshift
CHEK2	68	0-50
CHEK2	14920	50-500
CHEK2	0	500-1000
CHEK2	258	1-5
CHEK2	32	5-10
CHEK2	0	10-15
CHEK2	0	15-21
CIC	214826	missense
CIC	0	inframe_indel
CIC	0	frameshift
CIC	16864	0-50
CIC	197962	50-500
CIC	0	500-1000
CIC	2399	1-5
CIC	589	5-10
CIC	0	10-15
CIC	40	15-21
CREBBP	515849	missense
CREBBP	9186	inframe_indel
CREBBP	0	frameshift
CREBBP	57409	0-50
CREBBP	467626	50-500
CREBBP	0	500-1000
CREBBP	5504	1-5
CREBBP	1340	5-10
CREBBP	0	10-15
CREBBP	90	15-21
CRLF2	17230	missense
CRLF2	0	inframe_indel
CRLF2	0	frameshift
CRLF2	319	0-50
CRLF2	16911	50-500
CRLF2	0	500-1000
CRLF2	226	1-5
CRLF2	42	5-10
CRLF2	0	10-15
CRLF2	2	15-21
CTCF	58508	missense
CTCF	0	inframe_indel
CTCF	0	frameshift
CTCF	382	0-50
CTCF	58126	50-500
CTCF	0	500-1000
CTCF	680	1-5
CTCF	146	5-10
CTCF	0	10-15
CTCF	0	15-21
CTLA4	7353	missense
CTLA4	0	inframe_indel
CTLA4	0	frameshift
CTLA4	254	0-50
CTLA4	7099	50-500
CTLA4	0	500-1000
CTLA4	154	1-5
CTLA4	22	5-10
CTLA4	0	10-15
CTLA4	0	15-21
CTNNB1	455778	missense
CTNNB1	168558	inframe_indel
CTNNB1	0	frameshift
CTNNB1	20149	0-50
CTNNB1	604187	50-500
CTNNB1	0	500-1000
CTNNB1	9648	1-5
CTNNB1	1013	5-10
CTNNB1	0	10-15
CTNNB1	18	15-21
CUL3	23909	missense
CUL3	0	inframe_indel
CUL3	0	frameshift
CUL3	1356	0-50
CUL3	22553	50-500
CUL3	0	500-1000
CUL3	292	1-5
CUL3	81	5-10
CUL3	0	10-15
CUL3	0	15-21
CYSLTR2	48128	missense
CYSLTR2	0	inframe_indel
CYSLTR2	0	frameshift
CYSLTR2	9172	0-50
CYSLTR2	38956	50-500
CYSLTR2	0	500-1000
CYSLTR2	505	1-5
CYSLTR2	104	5-10
CYSLTR2	0	10-15
CYSLTR2	5	15-21
DICER1	309887	missense
DICER1	0	inframe_indel
DICER1	0	frameshift
DICER1	9289	0-50
DICER1	300598	50-500
DICER1	0	500-1000
DICER1	3463	1-5
DICER1	503	5-10
DICER1	0	10-15
DICER1	13	15-21
DIS3	138918	missense
DIS3	0	inframe_indel
DIS3	0	frameshift
DIS3	4537	0-50
DIS3	134381	50-500
DIS3	0	500-1000
DIS3	1921	1-5
DIS3	434	5-10
DIS3	0	10-15
DIS3	18	15-21
DNMT1	35701	missense
DNMT1	0	inframe_indel
DNMT1	0	frameshift
DNMT1	1018	0-50
DNMT1	34683	50-500
DNMT1	0	500-1000
DNMT1	457	1-5
DNMT1	109	5-10
DNMT1	0	10-15
DNMT1	4	15-21
DNMT3A	16663	missense
DNMT3A	0	inframe_indel
DNMT3A	0	frameshift
DNMT3A	1209	0-50
DNMT3A	15454	50-500
DNMT3A	0	500-1000
DNMT3A	379	1-5
DNMT3A	86	5-10
DNMT3A	0	10-15
DNMT3A	0	15-21
DNMT3B	8428	missense
DNMT3B	0	inframe_indel
DNMT3B	0	frameshift
DNMT3B	25	0-50
DNMT3B	8403	50-500
DNMT3B	0	500-1000
DNMT3B	85	1-5
DNMT3B	35	5-10
DNMT3B	0	10-15
DNMT3B	0	15-21
EGFR	418387	missense
EGFR	454375	inframe_indel
EGFR	0	frameshift
EGFR	22688	0-50
EGFR	850074	50-500
EGFR	0	500-1000
EGFR	11037	1-5
EGFR	1859	5-10
EGFR	0	10-15
EGFR	49	15-21
EIF1AX	39600	missense
EIF1AX	0	inframe_indel
EIF1AX	0	frameshift
EIF1AX	2344	0-50
EIF1AX	37256	50-500
EIF1AX	0	500-1000
EIF1AX	479	1-5
EIF1AX	90	5-10
EIF1AX	0	10-15
EIF1AX	4	15-21
EIF4A2	1465	missense
EIF4A2	0	inframe_indel
EIF4A2	0	frameshift
EIF4A2	4	0-50
EIF4A2	1461	50-500
EIF4A2	0	500-1000
EIF4A2	8	1-5
EIF4A2	0	5-10
EIF4A2	0	10-15
EIF4A2	0	15-21
ELOC	62070	missense
ELOC	0	inframe_indel
ELOC	0	frameshift
ELOC	2668	0-50
ELOC	59402	50-500
ELOC	0	500-1000
ELOC	829	1-5
ELOC	227	5-10
ELOC	0	10-15
ELOC	3	15-21
EP300	166993	missense
EP300	0	inframe_indel
EP300	0	frameshift
EP300	25653	0-50
EP300	141340	50-500
EP300	0	500-1000
EP300	2080	1-5
EP300	547	5-10
EP300	0	10-15
EP300	26	15-21
EPAS1	71847	missense
EPAS1	0	inframe_indel
EPAS1	0	frameshift
EPAS1	127	0-50
EPAS1	71720	50-500
EPAS1	0	500-1000
EPAS1	446	1-5
EPAS1	35	5-10
EPAS1	0	10-15
EPAS1	10	15-21
EPHA7	10497	missense
EPHA7	0	inframe_indel
EPHA7	0	frameshift
EPHA7	372	0-50
EPHA7	10125	50-500
EPHA7	0	500-1000
EPHA7	274	1-5
EPHA7	90	5-10
EPHA7	0	10-15
EPHA7	0	15-21
EPHB1	37671	missense
EPHB1	0	inframe_indel
EPHB1	0	frameshift
EPHB1	606	0-50
EPHB1	37065	50-500
EPHB1	0	500-1000
EPHB1	505	1-5
EPHB1	96	5-10
EPHB1	0	10-15
EPHB1	9	15-21
ERBB2	564262	missense
ERBB2	60377	inframe_indel
ERBB2	0	frameshift
ERBB2	17073	0-50
ERBB2	607565	50-500
ERBB2	1	500-1000
ERBB2	7894	1-5
ERBB2	1374	5-10
ERBB2	0	10-15
ERBB2	51	15-21
ERBB3	288844	missense
ERBB3	0	inframe_indel
ERBB3	0	frameshift
ERBB3	10530	0-50
ERBB3	278314	50-500
ERBB3	0	500-1000
ERBB3	3798	1-5
ERBB3	757	5-10
ERBB3	0	10-15
ERBB3	21	15-21
ERBB4	189115	missense
ERBB4	0	inframe_indel
ERBB4	0	frameshift
ERBB4	1853	0-50
ERBB4	187262	50-500
ERBB4	0	500-1000
ERBB4	2013	1-5
ERBB4	303	5-10
ERBB4	0	10-15
ERBB4	21	15-21
ERCC2	270490	missense
ERCC2	0	inframe_indel
ERCC2	0	frameshift
ERCC2	8267	0-50
ERCC2	262223	50-500
ERCC2	0	500-1000
ERCC2	2778	1-5
ERCC2	571	5-10
ERCC2	0	10-15
ERCC2	17	15-21
ERRFI1	7136	missense
ERRFI1	0	inframe_indel
ERRFI1	0	frameshift
ERRFI1	0	0-50
ERRFI1	7136	50-500
ERRFI1	0	500-1000
ERRFI1	77	1-5
ERRFI1	17	5-10
ERRFI1	0	10-15
ERRFI1	1	15-21
ESR1	217944	missense
ESR1	22690	inframe_indel
ESR1	0	frameshift
ESR1	6055	0-50
ESR1	234579	50-500
ESR1	0	500-1000
ESR1	2160	1-5
ESR1	466	5-10
ESR1	0	10-15
ESR1	43	15-21
ETV6	33098	missense
ETV6	0	inframe_indel
ETV6	0	frameshift
ETV6	1848	0-50
ETV6	31250	50-500
ETV6	0	500-1000
ETV6	445	1-5
ETV6	132	5-10
ETV6	0	10-15
ETV6	6	15-21
EZH2	76838	missense
EZH2	0	inframe_indel
EZH2	0	frameshift
EZH2	9330	0-50
EZH2	67508	50-500
EZH2	0	500-1000
EZH2	627	1-5
EZH2	125	5-10
EZH2	0	10-15
EZH2	7	15-21
FAT1	567	missense
FAT1	0	inframe_indel
FAT1	0	frameshift
FAT1	1	0-50
FAT1	566	50-500
FAT1	0	500-1000
FAT1	15	1-5
FAT1	1	5-10
FAT1	0	10-15
FAT1	0	15-21
FBXW7	587539	missense
FBXW7	0	inframe_indel
FBXW7	0	frameshift
FBXW7	64953	0-50
FBXW7	522586	50-500
FBXW7	0	500-1000
FBXW7	7776	1-5
FBXW7	1547	5-10
FBXW7	0	10-15
FBXW7	38	15-21
FGFR1	17523	missense
FGFR1	0	inframe_indel
FGFR1	0	frameshift
FGFR1	848	0-50
FGFR1	16675	50-500
FGFR1	0	500-1000
FGFR1	327	1-5
FGFR1	82	5-10
FGFR1	0	10-15
FGFR1	0	15-21
FGFR2	247719	missense
FGFR2	0	inframe_indel
FGFR2	0	frameshift
FGFR2	4238	0-50
FGFR2	243481	50-500
FGFR2	0	500-1000
FGFR2	3051	1-5
FGFR2	591	5-10
FGFR2	0	10-15
FGFR2	13	15-21
FGFR3	98176	missense
FGFR3	0	inframe_indel
FGFR3	0	frameshift
FGFR3	3538	0-50
FGFR3	94638	50-500
FGFR3	0	500-1000
FGFR3	1342	1-5
FGFR3	303	5-10
FGFR3	0	10-15
FGFR3	2	15-21
FGFR4	94917	missense
FGFR4	0	inframe_indel
FGFR4	0	frameshift
FGFR4	1660	0-50
FGFR4	93257	50-500
FGFR4	0	500-1000
FGFR4	1309	1-5
FGFR4	199	5-10
FGFR4	0	10-15
FGFR4	0	15-21
FH	26229	missense
FH	0	inframe_indel
FH	0	frameshift
FH	1053	0-50
FH	25176	50-500
FH	0	500-1000
FH	386	1-5
FH	68	5-10
FH	0	10-15
FH	10	15-21
FLT3	88085	missense
FLT3	206880	inframe_indel
FLT3	0	frameshift
FLT3	8317	0-50
FLT3	286648	50-500
FLT3	0	500-1000
FLT3	2425	1-5
FLT3	605	5-10
FLT3	0	10-15
FLT3	48	15-21
FOXA1	132673	missense
FOXA1	79472	inframe_indel
FOXA1	0	frameshift
FOXA1	11392	0-50
FOXA1	200753	50-500
FOXA1	0	500-1000
FOXA1	3226	1-5
FOXA1	664	5-10
FOXA1	0	10-15
FOXA1	0	15-21
FOXO1	1124	missense
FOXO1	0	inframe_indel
FOXO1	0	frameshift
FOXO1	5	0-50
FOXO1	1119	50-500
FOXO1	0	500-1000
FOXO1	44	1-5
FOXO1	16	5-10
FOXO1	0	10-15
FOXO1	0	15-21
FUBP1	5996	missense
FUBP1	0	inframe_indel
FUBP1	0	frameshift
FUBP1	64	0-50
FUBP1	5932	50-500
FUBP1	0	500-1000
FUBP1	156	1-5
FUBP1	26	5-10
FUBP1	0	10-15
FUBP1	0	15-21
GATA2	3869	missense
GATA2	0	inframe_indel
GATA2	0	frameshift
GATA2	72	0-50
GATA2	3797	50-500
GATA2	0	500-1000
GATA2	102	1-5
GATA2	19	5-10
GATA2	0	10-15
GATA2	0	15-21
GATA3	6661	missense
GATA3	0	inframe_indel
GATA3	0	frameshift
GATA3	141	0-50
GATA3	6520	50-500
GATA3	0	500-1000
GATA3	127	1-5
GATA3	58	5-10
GATA3	0	10-15
GATA3	0	15-21
GLI1	265	missense
GLI1	0	inframe_indel
GLI1	0	frameshift
GLI1	0	0-50
GLI1	265	50-500
GLI1	0	500-1000
GLI1	9	1-5
GLI1	1	5-10
GLI1	0	10-15
GLI1	0	15-21
GNA11	31174	missense
GNA11	0	inframe_indel
GNA11	0	frameshift
GNA11	420	0-50
GNA11	30754	50-500
GNA11	0	500-1000
GNA11	477	1-5
GNA11	101	5-10
GNA11	0	10-15
GNA11	3	15-21
GNAQ	57167	missense
GNAQ	0	inframe_indel
GNAQ	0	frameshift
GNAQ	2150	0-50
GNAQ	55017	50-500
GNAQ	0	500-1000
GNAQ	830	1-5
GNAQ	191	5-10
GNAQ	0	10-15
GNAQ	8	15-21
GNAS	47636	missense
GNAS	0	inframe_indel
GNAS	0	frameshift
GNAS	114	0-50
GNAS	47522	50-500
GNAS	0	500-1000
GNAS	530	1-5
GNAS	98	5-10
GNAS	0	10-15
GNAS	1	15-21
GTF2I	32634	missense
GTF2I	0	inframe_indel
GTF2I	0	frameshift
GTF2I	2254	0-50
GTF2I	30380	50-500
GTF2I	0	500-1000
GTF2I	411	1-5
GTF2I	120	5-10
GTF2I	0	10-15
GTF2I	7	15-21
H3F3A	11068	missense
H3F3A	0	inframe_indel
H3F3A	0	frameshift
H3F3A	308	0-50
H3F3A	10760	50-500
H3F3A	0	500-1000
H3F3A	304	1-5
H3F3A	41	5-10
H3F3A	0	10-15
H3F3A	0	15-21
HGF	739	missense
HGF	0	inframe_indel
HGF	0	frameshift
HGF	2	0-50
HGF	737	50-500
HGF	22	1-5
HGF	9	5-10
HGF	0	10-15
HGF	0	15-21
HIST1H1C	2166	missense
HIST1H1C	152	inframe_indel
HIST1H1C	0	frameshift
HIST1H1C	272	0-50
HIST1H1C	2046	50-500
HIST1H1C	82	1-5
HIST1H1C	19	5-10
HIST1H1C	0	10-15
HIST1H1C	0	15-21
HIST1H3B	78378	missense
HIST1H3B	0	inframe_indel
HIST1H3B	0	frameshift
HIST1H3B	4397	0-50
HIST1H3B	73981	50-500
HIST1H3B	1194	1-5
HIST1H3B	243	5-10
HIST1H3B	0	10-15
HIST1H3B	9	15-21
HIST1H3C	1158	missense
HIST1H3C	0	inframe_indel
HIST1H3C	0	frameshift
HIST1H3C	5	0-50
HIST1H3C	1153	50-500
HIST1H3C	49	1-5
HIST1H3C	4	5-10
HIST1H3C	0	10-15
HIST1H3C	0	15-21
HIST1H3H	1700	missense
HIST1H3H	0	inframe_indel
HIST1H3H	0	frameshift
HIST1H3H	13	0-50
HIST1H3H	1687	50-500
HIST1H3H	83	1-5
HIST1H3H	5	5-10
HIST1H3H	0	10-15
HIST1H3H	0	15-21
HLA-B	6004	missense
HLA-B	0	inframe_indel
HLA-B	0	frameshift
HLA-B	81	0-50
HLA-B	5923	50-500
HLA-B	96	1-5
HLA-B	17	5-10
HLA-B	0	10-15
HLA-B	0	15-21
HNF1A	66948	missense
HNF1A	0	inframe_indel
HNF1A	0	frameshift
HNF1A	1560	0-50
HNF1A	65388	50-500
HNF1A	842	1-5
HNF1A	133	5-10
HNF1A	0	10-15
HNF1A	4	15-21
IDH1	26849	missense
IDH1	0	inframe_indel
IDH1	0	frameshift
IDH1	427	0-50
IDH1	26422	50-500
IDH1	577	1-5
IDH1	137	5-10
IDH1	0	10-15
IDH1	0	15-21
IDH2	47079	missense
IDH2	0	inframe_indel
IDH2	0	frameshift
IDH2	570	0-50
IDH2	46509	50-500
IDH2	697	1-5
IDH2	121	5-10
IDH2	0	10-15
IDH2	0	15-21
IGF1R	45191	missense
IGF1R	0	inframe_indel
IGF1R	0	frameshift
IGF1R	4223	0-50
IGF1R	40968	50-500
IGF1R	622	1-5
IGF1R	144	5-10
IGF1R	0	10-15
IGF1R	9	15-21
IKZF1	4733	missense
IKZF1	0	inframe_indel
IKZF1	0	frameshift
IKZF1	30	0-50
IKZF1	4703	50-500
IKZF1	86	1-5
IKZF1	13	5-10
IKZF1	0	10-15
IKZF1	0	15-21
IL7R	75159	missense
IL7R	0	inframe_indel
IL7R	0	frameshift
IL7R	357	0-50
IL7R	74802	50-500
IL7R	741	1-5
IL7R	146	5-10
IL7R	0	10-15
IL7R	3	15-21
INPPL1	28613	missense
INPPL1	0	inframe_indel
INPPL1	0	frameshift
INPPL1	697	0-50
INPPL1	27916	50-500
INPPL1	247	1-5
INPPL1	62	5-10
INPPL1	0	10-15
INPPL1	0	15-21
IRF4	19572	missense
IRF4	0	inframe_indel
IRF4	0	frameshift
IRF4	1504	0-50
IRF4	18068	50-500
IRF4	362	1-5
IRF4	81	5-10
IRF4	0	10-15
IRF4	0	15-21
IRS2	7390	missense
IRS2	0	inframe_indel
IRS2	0	frameshift
IRS2	709	0-50
IRS2	6681	50-500
IRS2	95	1-5
IRS2	0	5-10
IRS2	0	10-15
IRS2	0	15-21
JAK1	808	missense
JAK1	0	inframe_indel
JAK1	0	frameshift
JAK1	0	0-50
JAK1	808	50-500
JAK1	38	1-5
JAK1	0	5-10
JAK1	0	10-15
JAK1	0	15-21
JUN	81164	missense
JUN	0	inframe_indel
JUN	0	frameshift
JUN	5114	0-50
JUN	76050	50-500
JUN	822	1-5
JUN	114	5-10
JUN	0	10-15
JUN	3	15-21
KDM6A	4878	missense
KDM6A	0	inframe_indel
KDM6A	0	frameshift
KDM6A	49	0-50
KDM6A	4829	50-500
KDM6A	99	1-5
KDM6A	21	5-10
KDM6A	0	10-15
KDM6A	0	15-21
KDR	41288	missense
KDR	0	inframe_indel
KDR	0	frameshift
KDR	1522	0-50
KDR	39766	50-500
KDR	607	1-5
KDR	126	5-10
KDR	0	10-15
KDR	2	15-21
KEAP1	504384	missense
KEAP1	0	inframe_indel
KEAP1	0	frameshift
KEAP1	81220	0-50
KEAP1	423164	50-500
KEAP1	5895	1-5
KEAP1	1053	5-10
KEAP1	0	10-15
KEAP1	36	15-21
KIT	340220	missense
KIT	426198	inframe_indel
KIT	0	frameshift
KIT	29104	0-50
KIT	737313	50-500
KIT	8724	1-5
KIT	2158	5-10
KIT	0	10-15
KIT	60	15-21
KLF4	11736	missense
KLF4	0	inframe_indel
KLF4	0	frameshift
KLF4	956	0-50
KLF4	10780	50-500
KLF4	187	1-5
KLF4	61	5-10
KLF4	0	10-15
KLF4	0	15-21
KMT2C	51165	missense
KMT2C	0	inframe_indel
KMT2C	0	frameshift
KMT2C	1412	0-50
KMT2C	49753	50-500
KMT2C	424	1-5
KMT2C	94	5-10
KMT2C	0	10-15
KMT2C	0	15-21
KMT2D	156361	missense
KMT2D	0	inframe_indel
KMT2D	0	frameshift
KMT2D	1663	0-50
KMT2D	154698	50-500
KMT2D	1583	1-5
KMT2D	298	5-10
KMT2D	0	10-15
KMT2D	18	15-21
KRAS	359279	missense
KRAS	0	inframe_indel
KRAS	0	frameshift
KRAS	5712	0-50
KRAS	353567	50-500
KRAS	4874	1-5
KRAS	546	5-10
KRAS	0	10-15
KRAS	9	15-21
LATS2	0	missense
LATS2	1542	inframe_indel
LATS2	0	frameshift
LATS2	160	0-50
LATS2	1382	50-500
LATS2	47	1-5
LATS2	0	5-10
LATS2	0	10-15
LATS2	0	15-21
LYN	12083	missense
LYN	0	inframe_indel
LYN	0	frameshift
LYN	395	0-50
LYN	11688	50-500
LYN	240	1-5
LYN	59	5-10
LYN	0	10-15
LYN	0	15-21
MAP2K1	261074	missense
MAP2K1	135734	inframe_indel
MAP2K1	0	frameshift
MAP2K1	16023	0-50
MAP2K1	380785	50-500
MAP2K1	4376	1-5
MAP2K1	953	5-10
MAP2K1	0	10-15
MAP2K1	22	15-21
MAP2K2	8064	missense
MAP2K2	0	inframe_indel
MAP2K2	0	frameshift
MAP2K2	101	0-50
MAP2K2	7963	50-500
MAP2K2	170	1-5
MAP2K2	30	5-10
MAP2K2	0	10-15
MAP2K2	0	15-21
MAP2K4	82996	missense
MAP2K4	0	inframe_indel
MAP2K4	0	frameshift
MAP2K4	7572	0-50
MAP2K4	75424	50-500
MAP2K4	1089	1-5
MAP2K4	226	5-10
MAP2K4	0	10-15
MAP2K4	23	15-21
MAP3K1	53558	missense
MAP3K1	0	inframe_indel
MAP3K1	0	frameshift
MAP3K1	3376	0-50
MAP3K1	50182	50-500
MAP3K1	630	1-5
MAP3K1	129	5-10
MAP3K1	0	10-15
MAP3K1	4	15-21
MAPK1	9044	missense
MAPK1	0	inframe_indel
MAPK1	0	frameshift
MAPK1	10	0-50
MAPK1	9034	50-500
MAPK1	71	1-5
MAPK1	2	5-10
MAPK1	0	10-15
MAPK1	0	15-21
MAX	10804	missense
MAX	0	inframe_indel
MAX	0	frameshift
MAX	12	0-50
MAX	10792	50-500
MAX	195	1-5
MAX	11	5-10
MAX	0	10-15
MAX	0	15-21
MDC1	0	missense
MDC1	7045	inframe_indel
MDC1	0	frameshift
MDC1	21	0-50
MDC1	7024	50-500
MDC1	91	1-5
MDC1	1	5-10
MDC1	0	10-15
MDC1	0	15-21
MED12	125589	missense
MED12	99069	inframe_indel
MED12	0	frameshift
MED12	3142	0-50
MED12	221506	50-500
MED12	2719	1-5
MED12	480	5-10
MED12	0	10-15
MED12	13	15-21
MET	116688	missense
MET	0	inframe_indel
MET	0	frameshift
MET	3874	0-50
MET	112814	50-500
MET	1506	1-5
MET	289	5-10
MET	0	10-15
MET	8	15-21
MST1	5012	missense
MST1	0	inframe_indel
MST1	0	frameshift
MST1	2	0-50
MST1	5010	50-500
MST1	88	1-5
MST1	0	5-10
MST1	0	10-15
MST1	0	15-21
MTOR	570347	missense
MTOR	33280	inframe_indel
MTOR	0	frameshift
MTOR	19438	0-50
MTOR	584189	50-500
MTOR	6729	1-5
MTOR	1342	5-10
MTOR	0	10-15
MTOR	45	15-21
MYC	254657	missense
MYC	1668	inframe_indel
MYC	0	frameshift
MYC	36989	0-50
MYC	219336	50-500
MYC	3055	1-5
MYC	665	5-10
MYC	0	10-15
MYC	22	15-21
MYCN	13573	missense
MYCN	0	inframe_indel
MYCN	0	frameshift
MYCN	0	0-50
MYCN	13573	50-500
MYCN	56	1-5
MYCN	2	5-10
MYCN	0	10-15
MYCN	0	15-21
MYOD1	4806	missense
MYOD1	0	inframe_indel
MYOD1	0	frameshift
MYOD1	133	0-50
MYOD1	4673	50-500
MYOD1	46	1-5
MYOD1	22	5-10
MYOD1	0	10-15
MYOD1	0	15-21
NCOA3	6488	missense
NCOA3	0	inframe_indel
NCOA3	0	frameshift
NCOA3	191	0-50
NCOA3	6297	50-500
NCOA3	95	1-5
NCOA3	33	5-10
NCOA3	0	10-15
NCOA3	5	15-21
NF1	81590	missense
NF1	0	inframe_indel
NF1	0	frameshift
NF1	1196	0-50
NF1	80394	50-500
NF1	909	1-5
NF1	126	5-10
NF1	0	10-15
NF1	0	15-21
NFE2L2	921176	missense
NFE2L2	634672	inframe_indel
NFE2L2	0	frameshift
NFE2L2	80101	0-50
NFE2L2	1475746	50-500
NFE2L2	15778	1-5
NFE2L2	2577	5-10
NFE2L2	0	10-15
NFE2L2	137	15-21
NOTCH1	21571	missense
NOTCH1	5892	inframe_indel
NOTCH1	0	frameshift
NOTCH1	13	0-50
NOTCH1	27450	50-500
NOTCH1	384	1-5
NOTCH1	25	5-10
NOTCH1	0	10-15
NOTCH1	0	15-21
NOTCH2	20	missense
NOTCH2	0	inframe_indel
NOTCH2	0	frameshift
NOTCH2	0	0-50
NOTCH2	20	50-500
NOTCH2	5	1-5
NOTCH2	0	5-10
NOTCH2	0	10-15
NOTCH2	0	15-21
NRAS	186460	missense
NRAS	0	inframe_indel
NRAS	0	frameshift
NRAS	2046	0-50
NRAS	184414	50-500
NRAS	2672	1-5
NRAS	257	5-10
NRAS	0	10-15
NRAS	1	15-21
NSD1	19054	missense
NSD1	0	inframe_indel
NSD1	0	frameshift
NSD1	26	0-50
NSD1	19028	50-500
NSD1	178	1-5
NSD1	30	5-10
NSD1	0	10-15
NSD1	0	15-21
NSD2	451	missense
NSD2	0	inframe_indel
NSD2	0	frameshift
NSD2	1	0-50
NSD2	450	50-500
NSD2	8	1-5
NSD2	5	5-10
NSD2	0	10-15
NSD2	0	15-21
NUP93	24442	missense
NUP93	0	inframe_indel
NUP93	0	frameshift
NUP93	248	0-50
NUP93	24194	50-500
NUP93	296	1-5
NUP93	24	5-10
NUP93	0	10-15
NUP93	0	15-21
PAK5	2653	missense
PAK5	0	inframe_indel
PAK5	0	frameshift
PAK5	132	0-50
PAK5	2521	50-500
PAK5	85	1-5
PAK5	23	5-10
PAK5	0	10-15
PAK5	0	15-21
PAX5	1975	missense
PAX5	0	inframe_indel
PAX5	0	frameshift
PAX5	5	0-50
PAX5	1970	50-500
PAX5	78	1-5
PAX5	9	5-10
PAX5	0	10-15
PAX5	0	15-21
PBRM1	31662	missense
PBRM1	0	inframe_indel
PBRM1	0	frameshift
PBRM1	465	0-50
PBRM1	31197	50-500
PBRM1	277	1-5
PBRM1	51	5-10
PBRM1	0	10-15
PBRM1	0	15-21
PDGFRA	231459	missense
PDGFRA	0	inframe_indel
PDGFRA	0	frameshift
PDGFRA	3411	0-50
PDGFRA	228048	50-500
PDGFRA	2778	1-5
PDGFRA	506	5-10
PDGFRA	0	10-15
PDGFRA	15	15-21
PDPK1	15175	missense
PDPK1	0	inframe_indel
PDPK1	0	frameshift
PDPK1	14	0-50
PDPK1	15161	50-500
PDPK1	167	1-5
PDPK1	19	5-10
PDPK1	0	10-15
PDPK1	1	15-21
PGR	12300	missense
PGR	0	inframe_indel
PGR	0	frameshift
PGR	44	0-50
PGR	12256	50-500
PGR	112	1-5
PGR	22	5-10
PGR	0	10-15
PGR	0	15-21
PIK3CA	1171596	missense
PIK3CA	239478	inframe_indel
PIK3CA	0	frameshift
PIK3CA	112104	0-50
PIK3CA	1298952	50-500
PIK3CA	15994	1-5
PIK3CA	3278	5-10
PIK3CA	0	10-15
PIK3CA	79	15-21
PIK3CB	22364	missense
PIK3CB	0	inframe_indel
PIK3CB	0	frameshift
PIK3CB	2282	0-50
PIK3CB	20082	50-500
PIK3CB	437	1-5
PIK3CB	119	5-10
PIK3CB	0	10-15
PIK3CB	0	15-21
PIK3CD	42865	missense
PIK3CD	0	inframe_indel
PIK3CD	0	frameshift
PIK3CD	927	0-50
PIK3CD	41938	50-500
PIK3CD	416	1-5
PIK3CD	87	5-10
PIK3CD	0	10-15
PIK3CD	6	15-21
PIK3R1	26270	missense
PIK3R1	716725	inframe_indel
PIK3R1	0	frameshift
PIK3R1	30231	0-50
PIK3R1	712764	50-500
PIK3R1	9998	1-5
PIK3R1	2696	5-10
PIK3R1	0	10-15
PIK3R1	62	15-21
PIK3R2	15280	missense
PIK3R2	0	inframe_indel
PIK3R2	0	frameshift
PIK3R2	1467	0-50
PIK3R2	13813	50-500
PIK3R2	296	1-5
PIK3R2	87	5-10
PIK3R2	0	10-15
PIK3R2	0	15-21
PIM1	67800	missense
PIM1	0	inframe_indel
PIM1	0	frameshift
PIM1	1901	0-50
PIM1	65899	50-500
PIM1	907	1-5
PIM1	192	5-10
PIM1	0	10-15
PIM1	7	15-21
PLK2	50116	missense
PLK2	0	inframe_indel
PLK2	0	frameshift
PLK2	3222	0-50
PLK2	46894	50-500
PLK2	409	1-5
PLK2	75	5-10
PLK2	0	10-15
PLK2	6	15-21
PMS2	3028	missense
PMS2	0	inframe_indel
PMS2	0	frameshift
PMS2	116	0-50
PMS2	2912	50-500
PMS2	47	1-5
PMS2	20	5-10
PMS2	0	10-15
PMS2	0	15-21
POLE	55833	missense
POLE	0	inframe_indel
POLE	0	frameshift
POLE	151	0-50
POLE	55682	50-500
POLE	438	1-5
POLE	60	5-10
POLE	0	10-15
POLE	8	15-21
PPP2R1A	83507	missense
PPP2R1A	0	inframe_indel
PPP2R1A	0	frameshift
PPP2R1A	3577	0-50
PPP2R1A	79930	50-500
PPP2R1A	1475	1-5
PPP2R1A	274	5-10
PPP2R1A	0	10-15
PPP2R1A	13	15-21
PPP6C	29639	missense
PPP6C	0	inframe_indel
PPP6C	0	frameshift
PPP6C	238	0-50
PPP6C	29401	50-500
PPP6C	486	1-5
PPP6C	60	5-10
PPP6C	0	10-15
PPP6C	0	15-21
PRDM14	58587	missense
PRDM14	0	inframe_indel
PRDM14	0	frameshift
PRDM14	3257	0-50
PRDM14	55330	50-500
PRDM14	714	1-5
PRDM14	132	5-10
PRDM14	0	10-15
PRDM14	10	15-21
PREX2	34484	missense
PREX2	0	inframe_indel
PREX2	0	frameshift
PREX2	6538	0-50
PREX2	27946	50-500
PREX2	432	1-5
PREX2	85	5-10
PREX2	0	10-15
PREX2	0	15-21
PRKCI	65531	missense
PRKCI	0	inframe_indel
PRKCI	0	frameshift
PRKCI	6341	0-50
PRKCI	59190	50-500
PRKCI	933	1-5
PRKCI	234	5-10
PRKCI	0	10-15
PRKCI	13	15-21
PTEN	1377581	missense
PTEN	0	inframe_indel
PTEN	0	frameshift
PTEN	175836	0-50
PTEN	1201745	50-500
PTEN	15656	1-5
PTEN	3438	5-10
PTEN	0	10-15
PTEN	149	15-21
PTPN11	695790	missense
PTPN11	0	inframe_indel
PTPN11	0	frameshift
PTPN11	23806	0-50
PTPN11	671980	50-500
PTPN11	6970	1-5
PTPN11	1092	5-10
PTPN11	0	10-15
PTPN11	57	15-21
PTPRD	21333	missense
PTPRD	0	inframe_indel
PTPRD	0	frameshift
PTPRD	448	0-50
PTPRD	20885	50-500
PTPRD	207	1-5
PTPRD	51	5-10
PTPRD	0	10-15
PTPRD	0	15-21
PTPRS	37617	missense
PTPRS	0	inframe_indel
PTPRS	0	frameshift
PTPRS	520	0-50
PTPRS	37097	50-500
PTPRS	372	1-5
PTPRS	29	5-10
PTPRS	0	10-15
PTPRS	0	15-21
PTPRT	116818	missense
PTPRT	0	inframe_indel
PTPRT	0	frameshift
PTPRT	6489	0-50
PTPRT	110329	50-500
PTPRT	1300	1-5
PTPRT	304	5-10
PTPRT	0	10-15
PTPRT	12	15-21
RAC1	232209	missense
RAC1	0	inframe_indel
RAC1	0	frameshift
RAC1	5511	0-50
RAC1	226698	50-500
RAC1	3001	1-5
RAC1	615	5-10
RAC1	0	10-15
RAC1	16	15-21
RAD50	4460	missense
RAD50	0	inframe_indel
RAD50	0	frameshift
RAD50	33	0-50
RAD50	4427	50-500
RAD50	72	1-5
RAD50	17	5-10
RAD50	0	10-15
RAD50	0	15-21
RAD51C	45666	missense
RAD51C	0	inframe_indel
RAD51C	0	frameshift
RAD51C	2910	0-50
RAD51C	42756	50-500
RAD51C	385	1-5
RAD51C	73	5-10
RAD51C	0	10-15
RAD51C	6	15-21
RAD52	42	missense
RAD52	0	inframe_indel
RAD52	0	frameshift
RAD52	0	0-50
RAD52	42	50-500
RAD52	0	1-5
RAD52	0	5-10
RAD52	0	10-15
RAD52	0	15-21
RAF1	16731	missense
RAF1	0	inframe_indel
RAF1	0	frameshift
RAF1	232	0-50
RAF1	16499	50-500
RAF1	401	1-5
RAF1	68	5-10
RAF1	0	10-15
RAF1	0	15-21
RARA	3643	missense
RARA	0	inframe_indel
RARA	0	frameshift
RARA	22	0-50
RARA	3621	50-500
RARA	65	1-5
RARA	25	5-10
RARA	0	10-15
RARA	0	15-21
RB1	10126	missense
RB1	0	inframe_indel
RB1	0	frameshift
RB1	16	0-50
RB1	10110	50-500
RB1	184	1-5
RB1	18	5-10
RB1	0	10-15
RB1	0	15-21
RBM10	335	missense
RBM10	0	inframe_indel
RBM10	0	frameshift
RBM10	0	0-50
RBM10	335	50-500
RBM10	17	1-5
RBM10	1	5-10
RBM10	0	10-15
RBM10	0	15-21
RET	21875	missense
RET	0	inframe_indel
RET	0	frameshift
RET	14	0-50
RET	21861	50-500
RET	187	1-5
RET	38	5-10
RET	0	10-15
RET	8	15-21
RHEB	14909	missense
RHEB	0	inframe_indel
RHEB	0	frameshift
RHEB	7	0-50
RHEB	14901	50-500
RHEB	148	1-5
RHEB	49	5-10
RHEB	0	10-15
RHEB	1	15-21
RHOA	337433	missense
RHOA	0	inframe_indel
RHOA	0	frameshift
RHOA	147	0-50
RHOA	337286	50-500
RHOA	2258	1-5
RHOA	375	5-10
RHOA	0	10-15
RHOA	13	15-21
RICTOR	23681	missense
RICTOR	0	inframe_indel
RICTOR	0	frameshift
RICTOR	3847	0-50
RICTOR	19834	50-500
RICTOR	297	1-5
RICTOR	71	5-10
RICTOR	0	10-15
RICTOR	1	15-21
RIT1	53724	missense
RIT1	0	inframe_indel
RIT1	0	frameshift
RIT1	109	0-50
RIT1	53615	50-500
RIT1	446	1-5
RIT1	33	5-10
RIT1	0	10-15
RIT1	0	15-21
RNF43	29345	missense
RNF43	0	inframe_indel
RNF43	0	frameshift
RNF43	1096	0-50
RNF43	28249	50-500
RNF43	343	1-5
RNF43	100	5-10
RNF43	0	10-15
RNF43	1	15-21
RPS6KA4	36708	missense
RPS6KA4	0	inframe_indel
RPS6KA4	0	frameshift
RPS6KA4	100	0-50
RPS6KA4	36608	50-500
RPS6KA4	344	1-5
RPS6KA4	49	5-10
RPS6KA4	0	10-15
RPS6KA4	2	15-21
RPTOR	2168	missense
RPTOR	0	inframe_indel
RPTOR	0	frameshift
RPTOR	98	0-50
RPTOR	2070	50-500
RPTOR	64	1-5
RPTOR	14	5-10
RPTOR	0	10-15
RPTOR	0	15-21
RRAS2	20685	missense
RRAS2	0	inframe_indel
RRAS2	0	frameshift
RRAS2	0	0-50
RRAS2	20685	50-500
RRAS2	97	1-5
RRAS2	0	5-10
RRAS2	0	10-15
RRAS2	0	15-21
RUNX1	7625	missense
RUNX1	0	inframe_indel
RUNX1	0	frameshift
RUNX1	271	0-50
RUNX1	7354	50-500
RUNX1	174	1-5
RUNX1	37	5-10
RUNX1	0	10-15
RUNX1	2	15-21
RXRA	70429	missense
RXRA	0	inframe_indel
RXRA	0	frameshift
RXRA	13221	0-50
RXRA	57208	50-500
RXRA	789	1-5
RXRA	191	5-10
RXRA	0	10-15
RXRA	10	15-21
SDHA	21063	missense
SDHA	0	inframe_indel
SDHA	0	frameshift
SDHA	441	0-50
SDHA	20622	50-500
SDHA	329	1-5
SDHA	53	5-10
SDHA	0	10-15
SDHA	0	15-21
SDHAF2	65507	missense
SDHAF2	0	inframe_indel
SDHAF2	0	frameshift
SDHAF2	7933	0-50
SDHAF2	57574	50-500
SDHAF2	756	1-5
SDHAF2	144	5-10
SDHAF2	0	10-15
SDHAF2	1	15-21
SESN2	5068	missense
SESN2	0	inframe_indel
SESN2	0	frameshift
SESN2	313	0-50
SESN2	4755	50-500
SESN2	128	1-5
SESN2	36	5-10
SESN2	0	10-15
SESN2	0	15-21
SETD2	58182	missense
SETD2	0	inframe_indel
SETD2	0	frameshift
SETD2	14134	0-50
SETD2	44048	50-500
SETD2	599	1-5
SETD2	167	5-10
SETD2	0	10-15
SETD2	10	15-21
SF3B1	657396	missense
SF3B1	0	inframe_indel
SF3B1	0	frameshift
SF3B1	43444	0-50
SF3B1	613952	50-500
SF3B1	7907	1-5
SF3B1	1123	5-10
SF3B1	0	10-15
SF3B1	19	15-21
SMAD2	35975	missense
SMAD2	0	inframe_indel
SMAD2	0	frameshift
SMAD2	732	0-50
SMAD2	35243	50-500
SMAD2	442	1-5
SMAD2	73	5-10
SMAD2	0	10-15
SMAD2	0	15-21
SMAD3	85885	missense
SMAD3	0	inframe_indel
SMAD3	0	frameshift
SMAD3	1869	0-50
SMAD3	84016	50-500
SMAD3	1081	1-5
SMAD3	214	5-10
SMAD3	0	10-15
SMAD3	3	15-21
SMAD4	967025	missense
SMAD4	200187	inframe_indel
SMAD4	0	frameshift
SMAD4	141282	0-50
SMAD4	1025930	50-500
SMAD4	13305	1-5
SMAD4	2288	5-10
SMAD4	0	10-15
SMAD4	78	15-21
SMARCA4	517195	missense
SMARCA4	3554	inframe_indel
SMARCA4	0	frameshift
SMARCA4	44407	0-50
SMARCA4	476342	50-500
SMARCA4	5865	1-5
SMARCA4	1124	5-10
SMARCA4	0	10-15
SMARCA4	24	15-21
SMARCD1	34010	missense
SMARCD1	0	inframe_indel
SMARCD1	0	frameshift
SMARCD1	3705	0-50
SMARCD1	30305	50-500
SMARCD1	530	1-5
SMARCD1	144	5-10
SMARCD1	0	10-15
SMARCD1	13	15-21
SMO	119798	missense
SMO	0	inframe_indel
SMO	0	frameshift
SMO	3759	0-50
SMO	116039	50-500
SMO	1279	1-5
SMO	263	5-10
SMO	0	10-15
SMO	0	15-21
SOCS1	9297	missense
SOCS1	0	inframe_indel
SOCS1	0	frameshift
SOCS1	69	0-50
SOCS1	9228	50-500
SOCS1	153	1-5
SOCS1	0	5-10
SOCS1	0	10-15
SOCS1	0	15-21
SOS1	57299	missense
SOS1	0	inframe_indel
SOS1	0	frameshift
SOS1	2838	0-50
SOS1	54460	50-500
SOS1	660	1-5
SOS1	102	5-10
SOS1	0	10-15
SOS1	8	15-21
SOX17	23741	missense
SOX17	0	inframe_indel
SOX17	0	frameshift
SOX17	233	0-50
SOX17	23508	50-500
SOX17	240	1-5
SOX17	36	5-10
SOX17	0	10-15
SOX17	0	15-21
SOX9	0	missense
SOX9	9487	inframe_indel
SOX9	0	frameshift
SOX9	39	0-50
SOX9	9448	50-500
SOX9	95	1-5
SOX9	15	5-10
SOX9	0	10-15
SOX9	0	15-21
SPOP	244206	missense
SPOP	0	inframe_indel
SPOP	0	frameshift
SPOP	6786	0-50
SPOP	237420	50-500
SPOP	3100	1-5
SPOP	867	5-10
SPOP	0	10-15
SPOP	44	15-21
SPRED1	107	missense
SPRED1	0	inframe_indel
SPRED1	0	frameshift
SPRED1	0	0-50
SPRED1	107	50-500
SPRED1	7	1-5
SPRED1	0	5-10
SPRED1	0	10-15
SPRED1	0	15-21
SRSF2	3448	missense
SRSF2	9727	inframe_indel
SRSF2	0	frameshift
SRSF2	2516	0-50
SRSF2	10659	50-500
SRSF2	252	1-5
SRSF2	120	5-10
SRSF2	0	10-15
SRSF2	0	15-21
STAG2	20050	missense
STAG2	0	inframe_indel
STAG2	0	frameshift
STAG2	1605	0-50
STAG2	18445	50-500
STAG2	284	1-5
STAG2	39	5-10
STAG2	0	10-15
STAG2	0	15-21
STAT3	147597	missense
STAT3	16357	inframe_indel
STAT3	0	frameshift
STAT3	7146	0-50
STAT3	156808	50-500
STAT3	2045	1-5
STAT3	432	5-10
STAT3	0	10-15
STAT3	13	15-21
STK11	524676	missense
STK11	0	inframe_indel
STK11	0	frameshift
STK11	10530	0-50
STK11	514146	50-500
STK11	6610	1-5
STK11	1111	5-10
STK11	0	10-15
STK11	41	15-21
SUZ12	42750	missense
SUZ12	0	inframe_indel
SUZ12	0	frameshift
SUZ12	8787	0-50
SUZ12	33963	50-500
SUZ12	439	1-5
SUZ12	99	5-10
SUZ12	0	10-15
SUZ12	7	15-21
TBX3	609	missense
TBX3	0	inframe_indel
TBX3	0	frameshift
TBX3	8	0-50
TBX3	601	50-500
TBX3	14	1-5
TBX3	12	5-10
TBX3	0	10-15
TBX3	0	15-21
TET1	2231	missense
TET1	0	inframe_indel
TET1	0	frameshift
TET1	0	0-50
TET1	2231	50-500
TET1	44	1-5
TET1	13	5-10
TET1	0	10-15
TET1	0	15-21
TGFBR1	104541	missense
TGFBR1	0	inframe_indel
TGFBR1	0	frameshift
TGFBR1	3605	0-50
TGFBR1	100936	50-500
TGFBR1	1170	1-5
TGFBR1	245	5-10
TGFBR1	0	10-15
TGFBR1	10	15-21
TGFBR2	134429	missense
TGFBR2	0	inframe_indel
TGFBR2	0	frameshift
TGFBR2	2267	0-50
TGFBR2	132162	50-500
TGFBR2	1495	1-5
TGFBR2	171	5-10
TGFBR2	0	10-15
TGFBR2	2	15-21
TNFRSF14	4995	missense
TNFRSF14	0	inframe_indel
TNFRSF14	0	frameshift
TNFRSF14	136	0-50
TNFRSF14	4859	50-500
TNFRSF14	115	1-5
TNFRSF14	30	5-10
TNFRSF14	0	10-15
TNFRSF14	0	15-21
TP53	3035616	missense
TP53	1375570	inframe_indel
TP53	80371	frameshift
TP53	156486	0-50
TP53	4335061	50-500
TP53	65883	1-5
TP53	12819	5-10
TP53	0	10-15
TP53	157	15-21
TP63	31087	missense
TP63	0	inframe_indel
TP63	0	frameshift
TP63	1385	0-50
TP63	29702	50-500
TP63	427	1-5
TP63	92	5-10
TP63	0	10-15
TP63	0	15-21
TRAF7	96065	missense
TRAF7	0	inframe_indel
TRAF7	0	frameshift
TRAF7	9344	0-50
TRAF7	86721	50-500
TRAF7	1076	1-5
TRAF7	205	5-10
TRAF7	0	10-15
TRAF7	5	15-21
U2AF1L5	9384	missense
U2AF1L5	10	inframe_indel
U2AF1L5	0	frameshift
U2AF1L5	304	0-50
U2AF1L5	9090	50-500
U2AF1L5	249	1-5
U2AF1L5	60	5-10
U2AF1L5	0	10-15
U2AF1L5	0	15-21
VHL	675127	missense
VHL	18386	inframe_indel
VHL	0	frameshift
VHL	47661	0-50
VHL	645852	50-500
VHL	8166	1-5
VHL	2121	5-10
VHL	0	10-15
VHL	66	15-21
XPO1	68994	missense
XPO1	0	inframe_indel
XPO1	0	frameshift
XPO1	4188	0-50
XPO1	64806	50-500
XPO1	927	1-5
XPO1	255	5-10
XPO1	0	10-15
XPO1	13	15-21
